rank,title,year,rating
1,The Shawshank Redemption,1994,9.3
2,The Godfather,1972,9.2
3,The Godfather Part II,1974,9.0
4,The Dark Knight,2008,9.0
5,12 Angry Men,1957,9.0
6,Schindler's List,1993,9.0
7,Pulp Fiction,1994,8.9
8,The Lord of the Rings: The Return of the King,2003,9.0
9,Fight Club,1999,8.8
10,Forrest Gump,1994,8.8
11,Inception,2010,8.8
12,The Matrix,1999,8.7
13,Goodfellas,1990,8.7
14,The Silence of the Lambs,1991,8.6
15,Se7en,1995,8.6
16,Movie 16,2016,8.6
17,Movie 17,2017,8.7
18,Movie 18,2018,8.8
19,Movie 19,2019,8.9
20,Movie 20,2020,7.0
21,Movie 21,2021,7.1
22,Movie 22,2022,7.2
23,Movie 23,2023,7.3
24,Movie 24,2024,7.4
25,Movie 25,2000,7.5
26,Movie 26,2001,7.6
27,Movie 27,2002,7.7
28,Movie 28,2003,7.8
29,Movie 29,2004,7.9
30,Movie 30,2005,8.0
31,Movie 31,2006,8.1
32,Movie 32,2007,8.2
33,Movie 33,2008,8.3
34,Movie 34,2009,8.4
35,Movie 35,2010,8.5
36,Movie 36,2011,8.6
37,Movie 37,2012,8.7
38,Movie 38,2013,8.8
39,Movie 39,2014,8.9
40,Movie 40,2015,7.0
41,Movie 41,2016,7.1
42,Movie 42,2017,7.2
43,Movie 43,2018,7.3
44,Movie 44,2019,7.4
45,Movie 45,2020,7.5
46,Movie 46,2021,7.6
47,Movie 47,2022,7.7
48,Movie 48,2023,7.8
49,Movie 49,2024,7.9
50,Movie 50,2000,8.0
51,Movie 51,2001,8.1
52,Movie 52,2002,8.2
53,Movie 53,2003,8.3
54,Movie 54,2004,8.4
55,Movie 55,2005,8.5
56,Movie 56,2006,8.6
57,Movie 57,2007,8.7
58,Movie 58,2008,8.8
59,Movie 59,2009,8.9
60,Movie 60,2010,7.0
61,Movie 61,2011,7.1
62,Movie 62,2012,7.2
63,Movie 63,2013,7.3
64,Movie 64,2014,7.4
65,Movie 65,2015,7.5
66,Movie 66,2016,7.6
67,Movie 67,2017,7.7
68,Movie 68,2018,7.8
69,Movie 69,2019,7.9
70,Movie 70,2020,8.0
71,Movie 71,2021,8.1
72,Movie 72,2022,8.2
73,Movie 73,2023,8.3
74,Movie 74,2024,8.4
75,Movie 75,2000,8.5
76,Movie 76,2001,8.6
77,Movie 77,2002,8.7
78,Movie 78,2003,8.8
79,Movie 79,2004,8.9
80,Movie 80,2005,7.0
81,Movie 81,2006,7.1
82,Movie 82,2007,7.2
83,Movie 83,2008,7.3
84,Movie 84,2009,7.4
85,Movie 85,2010,7.5
86,Movie 86,2011,7.6
87,Movie 87,2012,7.7
88,Movie 88,2013,7.8
89,Movie 89,2014,7.9
90,Movie 90,2015,8.0
91,Movie 91,2016,8.1
92,Movie 92,2017,8.2
93,Movie 93,2018,8.3
94,Movie 94,2019,8.4
95,Movie 95,2020,8.5
96,Movie 96,2021,8.6
97,Movie 97,2022,8.7
98,Movie 98,2023,8.8
99,Movie 99,2024,8.9
100,Movie 100,2000,7.0
101,Movie 101,2001,7.1
102,Movie 102,2002,7.2
103,Movie 103,2003,7.3
104,Movie 104,2004,7.4
105,Movie 105,2005,7.5
106,Movie 106,2006,7.6
107,Movie 107,2007,7.7
108,Movie 108,2008,7.8
109,Movie 109,2009,7.9
110,Movie 110,2010,8.0
111,Movie 111,2011,8.1
112,Movie 112,2012,8.2
113,Movie 113,2013,8.3
114,Movie 114,2014,8.4
115,Movie 115,2015,8.5
116,Movie 116,2016,8.6
117,Movie 117,2017,8.7
118,Movie 118,2018,8.8
119,Movie 119,2019,8.9
120,Movie 120,2020,7.0
121,Movie 121,2021,7.1
122,Movie 122,2022,7.2
123,Movie 123,2023,7.3
124,Movie 124,2024,7.4
125,Movie 125,2000,7.5
126,Movie 126,2001,7.6
127,Movie 127,2002,7.7
128,Movie 128,2003,7.8
129,Movie 129,2004,7.9
130,Movie 130,2005,8.0
131,Movie 131,2006,8.1
132,Movie 132,2007,8.2
133,Movie 133,2008,8.3
134,Movie 134,2009,8.4
135,Movie 135,2010,8.5
136,Movie 136,2011,8.6
137,Movie 137,2012,8.7
138,Movie 138,2013,8.8
139,Movie 139,2014,8.9
140,Movie 140,2015,7.0
141,Movie 141,2016,7.1
142,Movie 142,2017,7.2
143,Movie 143,2018,7.3
144,Movie 144,2019,7.4
145,Movie 145,2020,7.5
146,Movie 146,2021,7.6
147,Movie 147,2022,7.7
148,Movie 148,2023,7.8
149,Movie 149,2024,7.9
150,Movie 150,2000,8.0
151,Movie 151,2001,8.1
152,Movie 152,2002,8.2
153,Movie 153,2003,8.3
154,Movie 154,2004,8.4
155,Movie 155,2005,8.5
156,Movie 156,2006,8.6
157,Movie 157,2007,8.7
158,Movie 158,2008,8.8
159,Movie 159,2009,8.9
160,Movie 160,2010,7.0
161,Movie 161,2011,7.1
162,Movie 162,2012,7.2
163,Movie 163,2013,7.3
164,Movie 164,2014,7.4
165,Movie 165,2015,7.5
166,Movie 166,2016,7.6
167,Movie 167,2017,7.7
168,Movie 168,2018,7.8
169,Movie 169,2019,7.9
170,Movie 170,2020,8.0
171,Movie 171,2021,8.1
172,Movie 172,2022,8.2
173,Movie 173,2023,8.3
174,Movie 174,2024,8.4
175,Movie 175,2000,8.5
176,Movie 176,2001,8.6
177,Movie 177,2002,8.7
178,Movie 178,2003,8.8
179,Movie 179,2004,8.9
180,Movie 180,2005,7.0
181,Movie 181,2006,7.1
182,Movie 182,2007,7.2
183,Movie 183,2008,7.3
184,Movie 184,2009,7.4
185,Movie 185,2010,7.5
186,Movie 186,2011,7.6
187,Movie 187,2012,7.7
188,Movie 188,2013,7.8
189,Movie 189,2014,7.9
190,Movie 190,2015,8.0
191,Movie 191,2016,8.1
192,Movie 192,2017,8.2
193,Movie 193,2018,8.3
194,Movie 194,2019,8.4
195,Movie 195,2020,8.5
196,Movie 196,2021,8.6
197,Movie 197,2022,8.7
198,Movie 198,2023,8.8
199,Movie 199,2024,8.9
200,Movie 200,2000,7.0
201,Movie 201,2001,7.1
202,Movie 202,2002,7.2
203,Movie 203,2003,7.3
204,Movie 204,2004,7.4
205,Movie 205,2005,7.5
206,Movie 206,2006,7.6
207,Movie 207,2007,7.7
208,Movie 208,2008,7.8
209,Movie 209,2009,7.9
210,Movie 210,2010,8.0
211,Movie 211,2011,8.1
212,Movie 212,2012,8.2
213,Movie 213,2013,8.3
214,Movie 214,2014,8.4
215,Movie 215,2015,8.5
216,Movie 216,2016,8.6
217,Movie 217,2017,8.7
218,Movie 218,2018,8.8
219,Movie 219,2019,8.9
220,Movie 220,2020,7.0
221,Movie 221,2021,7.1
222,Movie 222,2022,7.2
223,Movie 223,2023,7.3
224,Movie 224,2024,7.4
225,Movie 225,2000,7.5
226,Movie 226,2001,7.6
227,Movie 227,2002,7.7
228,Movie 228,2003,7.8
229,Movie 229,2004,7.9
230,Movie 230,2005,8.0
231,Movie 231,2006,8.1
232,Movie 232,2007,8.2
233,Movie 233,2008,8.3
234,Movie 234,2009,8.4
235,Movie 235,2010,8.5
236,Movie 236,2011,8.6
237,Movie 237,2012,8.7
238,Movie 238,2013,8.8
239,Movie 239,2014,8.9
240,Movie 240,2015,7.0
241,Movie 241,2016,7.1
242,Movie 242,2017,7.2
243,Movie 243,2018,7.3
244,Movie 244,2019,7.4
245,Movie 245,2020,7.5
246,Movie 246,2021,7.6
247,Movie 247,2022,7.7
248,Movie 248,2023,7.8
249,Movie 249,2024,7.9
250,Movie 250,2000,8.0
